1,Tue Jul 05 08:43:37 UTC 2011,10000.0,level_99,1,999999999.0,Tue Jul 05 08:43:37 UTC 2011
2,Tue Jul 05 08:43:37 UTC 2011,5000.0,level_88,1,10000.0,Tue Jul 05 08:43:37 UTC 2011
3,Tue Jul 05 08:43:37 UTC 2011,1000.0,level_66,1,5000.0,Tue Jul 05 08:43:37 UTC 2011
4,Tue Jul 05 08:43:37 UTC 2011,0.0,level_11,1,1000.0,Tue Jul 05 08:43:37 UTC 2011
5,Tue Jul 05 08:43:37 UTC 2011,10000.0,level_99,2,999999999.0,Tue Jul 05 08:43:37 UTC 2011
6,Tue Jul 05 08:43:37 UTC 2011,5000.0,level_88,2,10000.0,Tue Jul 05 08:43:37 UTC 2011
7,Tue Jul 05 08:43:37 UTC 2011,1000.0,level_66,2,5000.0,Tue Jul 05 08:43:37 UTC 2011
8,Tue Jul 05 08:43:37 UTC 2011,0.0,level_11,2,1000.0,Tue Jul 05 08:43:37 UTC 2011
9,Tue Jul 05 08:43:37 UTC 2011,10000.0,level_99,3,999999999.0,Tue Jul 05 08:43:37 UTC 2011
10,Tue Jul 05 08:43:37 UTC 2011,5000.0,level_88,3,10000.0,Tue Jul 05 08:43:37 UTC 2011
11,Tue Jul 05 08:43:37 UTC 2011,1000.0,level_66,3,5000.0,Tue Jul 05 08:43:37 UTC 2011
12,Tue Jul 05 08:43:37 UTC 2011,0.0,level_11,3,1000.0,Tue Jul 05 08:43:37 UTC 2011
13,Tue Jul 05 08:43:37 UTC 2011,10000.0,level_99,4,999999999.0,Tue Jul 05 08:43:37 UTC 2011
14,Tue Jul 05 08:43:37 UTC 2011,5000.0,level_88,4,10000.0,Tue Jul 05 08:43:37 UTC 2011
15,Tue Jul 05 08:43:37 UTC 2011,1000.0,level_66,4,5000.0,Tue Jul 05 08:43:37 UTC 2011
16,Tue Jul 05 08:43:37 UTC 2011,0.0,level_11,4,1000.0,Tue Jul 05 08:43:37 UTC 2011
17,Tue Jul 05 08:43:37 UTC 2011,10000.0,level_99,5,999999999.0,Tue Jul 05 08:43:37 UTC 2011
18,Tue Jul 05 08:43:37 UTC 2011,5000.0,level_88,5,10000.0,Tue Jul 05 08:43:37 UTC 2011
19,Tue Jul 05 08:43:37 UTC 2011,1000.0,level_66,5,5000.0,Tue Jul 05 08:43:37 UTC 2011
20,Tue Jul 05 08:43:37 UTC 2011,0.0,level_11,5,1000.0,Tue Jul 05 08:43:37 UTC 2011
21,Tue Jul 05 08:43:37 UTC 2011,10000.0,level_99,6,999999999.0,Tue Jul 05 08:43:37 UTC 2011
22,Tue Jul 05 08:43:37 UTC 2011,5000.0,level_88,6,10000.0,Tue Jul 05 08:43:37 UTC 2011
23,Tue Jul 05 08:43:37 UTC 2011,1000.0,level_66,6,5000.0,Tue Jul 05 08:43:37 UTC 2011
24,Tue Jul 05 08:43:37 UTC 2011,0.0,level_11,6,1000.0,Tue Jul 05 08:43:37 UTC 2011
25,Tue Jul 05 08:43:37 UTC 2011,10000.0,level_99,7,999999999.0,Tue Jul 05 08:43:37 UTC 2011
26,Tue Jul 05 08:43:37 UTC 2011,5000.0,level_88,7,10000.0,Tue Jul 05 08:43:37 UTC 2011
27,Tue Jul 05 08:43:37 UTC 2011,1000.0,level_66,7,5000.0,Tue Jul 05 08:43:37 UTC 2011
28,Tue Jul 05 08:43:37 UTC 2011,0.0,level_11,7,1000.0,Tue Jul 05 08:43:37 UTC 2011
29,Tue Jul 05 08:43:37 UTC 2011,10000.0,level_99,8,999999999.0,Tue Jul 05 08:43:37 UTC 2011
30,Tue Jul 05 08:43:37 UTC 2011,5000.0,level_88,8,10000.0,Tue Jul 05 08:43:37 UTC 2011
31,Tue Jul 05 08:43:37 UTC 2011,1000.0,level_66,8,5000.0,Tue Jul 05 08:43:37 UTC 2011
32,Tue Jul 05 08:43:37 UTC 2011,0.0,level_11,8,1000.0,Tue Jul 05 08:43:37 UTC 2011
33,Tue Jul 05 08:43:37 UTC 2011,10000.0,level_99,9,999999999.0,Tue Jul 05 08:43:37 UTC 2011
34,Tue Jul 05 08:43:37 UTC 2011,5000.0,level_88,9,10000.0,Tue Jul 05 08:43:37 UTC 2011
35,Tue Jul 05 08:43:37 UTC 2011,1000.0,level_66,9,5000.0,Tue Jul 05 08:43:37 UTC 2011
36,Tue Jul 05 08:43:37 UTC 2011,0.0,level_11,9,1000.0,Tue Jul 05 08:43:37 UTC 2011
37,Tue Jul 05 08:43:37 UTC 2011,10000.0,level_99,10,999999999.0,Tue Jul 05 08:43:37 UTC 2011
38,Tue Jul 05 08:43:37 UTC 2011,5000.0,level_88,10,10000.0,Tue Jul 05 08:43:37 UTC 2011
39,Tue Jul 05 08:43:37 UTC 2011,1000.0,level_66,10,5000.0,Tue Jul 05 08:43:37 UTC 2011
40,Tue Jul 05 08:43:37 UTC 2011,0.0,level_11,10,1000.0,Tue Jul 05 08:43:37 UTC 2011
41,Tue Jul 05 08:43:37 UTC 2011,10000.0,level_99,11,999999999.0,Tue Jul 05 08:43:37 UTC 2011
42,Tue Jul 05 08:43:37 UTC 2011,5000.0,level_88,11,10000.0,Tue Jul 05 08:43:37 UTC 2011
43,Tue Jul 05 08:43:37 UTC 2011,1000.0,level_66,11,5000.0,Tue Jul 05 08:43:37 UTC 2011
44,Tue Jul 05 08:43:37 UTC 2011,0.0,level_11,11,1000.0,Tue Jul 05 08:43:37 UTC 2011
45,Tue Jul 05 08:43:37 UTC 2011,10000.0,level_99,12,999999999.0,Tue Jul 05 08:43:37 UTC 2011
46,Tue Jul 05 08:43:37 UTC 2011,5000.0,level_88,12,10000.0,Tue Jul 05 08:43:37 UTC 2011
47,Tue Jul 05 08:43:37 UTC 2011,1000.0,level_66,12,5000.0,Tue Jul 05 08:43:37 UTC 2011
48,Tue Jul 05 08:43:37 UTC 2011,0.0,level_11,12,1000.0,Tue Jul 05 08:43:37 UTC 2011
49,Tue Jul 05 08:43:37 UTC 2011,10000.0,level_99,13,999999999.0,Tue Jul 05 08:43:37 UTC 2011
50,Tue Jul 05 08:43:37 UTC 2011,5000.0,level_88,13,10000.0,Tue Jul 05 08:43:37 UTC 2011
51,Tue Jul 05 08:43:38 UTC 2011,1000.0,level_66,13,5000.0,Tue Jul 05 08:43:38 UTC 2011
52,Tue Jul 05 08:43:38 UTC 2011,0.0,level_11,13,1000.0,Tue Jul 05 08:43:38 UTC 2011
53,Tue Jul 05 08:43:38 UTC 2011,10000.0,level_99,14,999999999.0,Tue Jul 05 08:43:38 UTC 2011
54,Tue Jul 05 08:43:38 UTC 2011,5000.0,level_88,14,10000.0,Tue Jul 05 08:43:38 UTC 2011
55,Tue Jul 05 08:43:38 UTC 2011,1000.0,level_66,14,5000.0,Tue Jul 05 08:43:38 UTC 2011
56,Tue Jul 05 08:43:38 UTC 2011,0.0,level_11,14,1000.0,Tue Jul 05 08:43:38 UTC 2011
57,Tue Jul 05 08:43:38 UTC 2011,10000.0,level_99,15,999999999.0,Tue Jul 05 08:43:38 UTC 2011
58,Tue Jul 05 08:43:38 UTC 2011,5000.0,level_88,15,10000.0,Tue Jul 05 08:43:38 UTC 2011
59,Tue Jul 05 08:43:38 UTC 2011,1000.0,level_66,15,5000.0,Tue Jul 05 08:43:38 UTC 2011
60,Tue Jul 05 08:43:38 UTC 2011,0.0,level_11,15,1000.0,Tue Jul 05 08:43:38 UTC 2011
61,Tue Jul 05 08:43:38 UTC 2011,10000.0,level_99,16,999999999.0,Tue Jul 05 08:43:38 UTC 2011
62,Tue Jul 05 08:43:38 UTC 2011,5000.0,level_88,16,10000.0,Tue Jul 05 08:43:38 UTC 2011
63,Tue Jul 05 08:43:38 UTC 2011,1000.0,level_66,16,5000.0,Tue Jul 05 08:43:38 UTC 2011
64,Tue Jul 05 08:43:38 UTC 2011,0.0,level_11,16,1000.0,Tue Jul 05 08:43:38 UTC 2011
65,Tue Jul 05 08:43:38 UTC 2011,10000.0,level_99,17,999999999.0,Tue Jul 05 08:43:38 UTC 2011
66,Tue Jul 05 08:43:38 UTC 2011,5000.0,level_88,17,10000.0,Tue Jul 05 08:43:38 UTC 2011
67,Tue Jul 05 08:43:38 UTC 2011,1000.0,level_66,17,5000.0,Tue Jul 05 08:43:38 UTC 2011
68,Tue Jul 05 08:43:38 UTC 2011,0.0,level_11,17,1000.0,Tue Jul 05 08:43:38 UTC 2011
69,Tue Jul 05 08:43:38 UTC 2011,10000.0,level_99,18,999999999.0,Tue Jul 05 08:43:38 UTC 2011
70,Tue Jul 05 08:43:38 UTC 2011,5000.0,level_88,18,10000.0,Tue Jul 05 08:43:38 UTC 2011
71,Tue Jul 05 08:43:38 UTC 2011,1000.0,level_66,18,5000.0,Tue Jul 05 08:43:38 UTC 2011
72,Tue Jul 05 08:43:38 UTC 2011,0.0,level_11,18,1000.0,Tue Jul 05 08:43:38 UTC 2011
73,Tue Jul 05 08:43:38 UTC 2011,10000.0,level_99,19,999999999.0,Tue Jul 05 08:43:38 UTC 2011
74,Tue Jul 05 08:43:38 UTC 2011,5000.0,level_88,19,10000.0,Tue Jul 05 08:43:38 UTC 2011
75,Tue Jul 05 08:43:38 UTC 2011,1000.0,level_66,19,5000.0,Tue Jul 05 08:43:38 UTC 2011
76,Tue Jul 05 08:43:38 UTC 2011,0.0,level_11,19,1000.0,Tue Jul 05 08:43:38 UTC 2011
77,Tue Jul 05 08:43:38 UTC 2011,10000.0,level_99,20,999999999.0,Tue Jul 05 08:43:38 UTC 2011
78,Tue Jul 05 08:43:38 UTC 2011,5000.0,level_88,20,10000.0,Tue Jul 05 08:43:38 UTC 2011
79,Tue Jul 05 08:43:38 UTC 2011,1000.0,level_66,20,5000.0,Tue Jul 05 08:43:38 UTC 2011
80,Tue Jul 05 08:43:38 UTC 2011,0.0,level_11,20,1000.0,Tue Jul 05 08:43:38 UTC 2011
81,Tue Jul 05 08:43:38 UTC 2011,10000.0,level_99,21,999999999.0,Tue Jul 05 08:43:38 UTC 2011
82,Tue Jul 05 08:43:38 UTC 2011,5000.0,level_88,21,10000.0,Tue Jul 05 08:43:38 UTC 2011
83,Tue Jul 05 08:43:38 UTC 2011,1000.0,level_66,21,5000.0,Tue Jul 05 08:43:38 UTC 2011
84,Tue Jul 05 08:43:38 UTC 2011,0.0,level_11,21,1000.0,Tue Jul 05 08:43:38 UTC 2011
85,Tue Jul 05 08:43:38 UTC 2011,10000.0,level_99,22,999999999.0,Tue Jul 05 08:43:38 UTC 2011
86,Tue Jul 05 08:43:38 UTC 2011,5000.0,level_88,22,10000.0,Tue Jul 05 08:43:38 UTC 2011
87,Tue Jul 05 08:43:38 UTC 2011,1000.0,level_66,22,5000.0,Tue Jul 05 08:43:38 UTC 2011
88,Tue Jul 05 08:43:38 UTC 2011,0.0,level_11,22,1000.0,Tue Jul 05 08:43:38 UTC 2011
89,Tue Jul 05 08:43:38 UTC 2011,10000.0,level_99,23,999999999.0,Tue Jul 05 08:43:38 UTC 2011
90,Tue Jul 05 08:43:38 UTC 2011,5000.0,level_88,23,10000.0,Tue Jul 05 08:43:38 UTC 2011
91,Tue Jul 05 08:43:38 UTC 2011,1000.0,level_66,23,5000.0,Tue Jul 05 08:43:38 UTC 2011
92,Tue Jul 05 08:43:38 UTC 2011,0.0,level_11,23,1000.0,Tue Jul 05 08:43:38 UTC 2011
93,Tue Jul 05 08:43:38 UTC 2011,10000.0,level_99,24,999999999.0,Tue Jul 05 08:43:38 UTC 2011
94,Tue Jul 05 08:43:38 UTC 2011,5000.0,level_88,24,10000.0,Tue Jul 05 08:43:38 UTC 2011
95,Tue Jul 05 08:43:38 UTC 2011,1000.0,level_66,24,5000.0,Tue Jul 05 08:43:38 UTC 2011
96,Tue Jul 05 08:43:38 UTC 2011,0.0,level_11,24,1000.0,Tue Jul 05 08:43:38 UTC 2011
97,Tue Jul 05 08:43:38 UTC 2011,10000.0,level_99,25,999999999.0,Tue Jul 05 08:43:38 UTC 2011
98,Tue Jul 05 08:43:38 UTC 2011,5000.0,level_88,25,10000.0,Tue Jul 05 08:43:38 UTC 2011
99,Tue Jul 05 08:43:38 UTC 2011,1000.0,level_66,25,5000.0,Tue Jul 05 08:43:38 UTC 2011
100,Tue Jul 05 08:43:38 UTC 2011,0.0,level_11,25,1000.0,Tue Jul 05 08:43:38 UTC 2011
101,Tue Jul 05 08:43:38 UTC 2011,10000.0,level_99,26,999999999.0,Tue Jul 05 08:43:38 UTC 2011
102,Tue Jul 05 08:43:38 UTC 2011,5000.0,level_88,26,10000.0,Tue Jul 05 08:43:38 UTC 2011
103,Tue Jul 05 08:43:38 UTC 2011,1000.0,level_66,26,5000.0,Tue Jul 05 08:43:38 UTC 2011
104,Tue Jul 05 08:43:38 UTC 2011,0.0,level_11,26,1000.0,Tue Jul 05 08:43:38 UTC 2011
105,Tue Jul 05 08:43:38 UTC 2011,10000.0,level_99,27,999999999.0,Tue Jul 05 08:43:38 UTC 2011
106,Tue Jul 05 08:43:38 UTC 2011,5000.0,level_88,27,10000.0,Tue Jul 05 08:43:38 UTC 2011
107,Tue Jul 05 08:43:38 UTC 2011,1000.0,level_66,27,5000.0,Tue Jul 05 08:43:38 UTC 2011
108,Tue Jul 05 08:43:38 UTC 2011,0.0,level_11,27,1000.0,Tue Jul 05 08:43:38 UTC 2011
109,Tue Jul 05 08:43:38 UTC 2011,10000.0,level_99,28,999999999.0,Tue Jul 05 08:43:38 UTC 2011
110,Tue Jul 05 08:43:38 UTC 2011,5000.0,level_88,28,10000.0,Tue Jul 05 08:43:38 UTC 2011
111,Tue Jul 05 08:43:38 UTC 2011,1000.0,level_66,28,5000.0,Tue Jul 05 08:43:38 UTC 2011
112,Tue Jul 05 08:43:38 UTC 2011,0.0,level_11,28,1000.0,Tue Jul 05 08:43:38 UTC 2011
113,Tue Jul 05 08:43:38 UTC 2011,10000.0,level_99,29,999999999.0,Tue Jul 05 08:43:38 UTC 2011
114,Tue Jul 05 08:43:38 UTC 2011,5000.0,level_88,29,10000.0,Tue Jul 05 08:43:38 UTC 2011
115,Tue Jul 05 08:43:38 UTC 2011,1000.0,level_66,29,5000.0,Tue Jul 05 08:43:38 UTC 2011
116,Tue Jul 05 08:43:38 UTC 2011,0.0,level_11,29,1000.0,Tue Jul 05 08:43:38 UTC 2011
117,Tue Jul 05 08:43:38 UTC 2011,10000.0,level_99,30,999999999.0,Tue Jul 05 08:43:38 UTC 2011
118,Tue Jul 05 08:43:38 UTC 2011,5000.0,level_88,30,10000.0,Tue Jul 05 08:43:38 UTC 2011
119,Tue Jul 05 08:43:38 UTC 2011,1000.0,level_66,30,5000.0,Tue Jul 05 08:43:38 UTC 2011
120,Tue Jul 05 08:43:38 UTC 2011,0.0,level_11,30,1000.0,Tue Jul 05 08:43:38 UTC 2011
121,Tue Jul 05 08:43:38 UTC 2011,10000.0,level_99,31,999999999.0,Tue Jul 05 08:43:38 UTC 2011
122,Tue Jul 05 08:43:38 UTC 2011,5000.0,level_88,31,10000.0,Tue Jul 05 08:43:38 UTC 2011
123,Tue Jul 05 08:43:38 UTC 2011,1000.0,level_66,31,5000.0,Tue Jul 05 08:43:38 UTC 2011
124,Tue Jul 05 08:43:38 UTC 2011,0.0,level_11,31,1000.0,Tue Jul 05 08:43:38 UTC 2011
125,Tue Jul 05 08:43:38 UTC 2011,10000.0,level_99,32,999999999.0,Tue Jul 05 08:43:38 UTC 2011
126,Tue Jul 05 08:43:38 UTC 2011,5000.0,level_88,32,10000.0,Tue Jul 05 08:43:38 UTC 2011
127,Tue Jul 05 08:43:38 UTC 2011,1000.0,level_66,32,5000.0,Tue Jul 05 08:43:38 UTC 2011
128,Tue Jul 05 08:43:38 UTC 2011,0.0,level_11,32,1000.0,Tue Jul 05 08:43:38 UTC 2011
129,Tue Jul 05 08:43:38 UTC 2011,10000.0,level_99,33,999999999.0,Tue Jul 05 08:43:38 UTC 2011
130,Tue Jul 05 08:43:38 UTC 2011,5000.0,level_88,33,10000.0,Tue Jul 05 08:43:38 UTC 2011
131,Tue Jul 05 08:43:38 UTC 2011,1000.0,level_66,33,5000.0,Tue Jul 05 08:43:38 UTC 2011
132,Tue Jul 05 08:43:38 UTC 2011,0.0,level_11,33,1000.0,Tue Jul 05 08:43:38 UTC 2011
133,Tue Jul 05 08:43:38 UTC 2011,10000.0,level_99,34,999999999.0,Tue Jul 05 08:43:38 UTC 2011
134,Tue Jul 05 08:43:38 UTC 2011,5000.0,level_88,34,10000.0,Tue Jul 05 08:43:38 UTC 2011
135,Tue Jul 05 08:43:38 UTC 2011,1000.0,level_66,34,5000.0,Tue Jul 05 08:43:38 UTC 2011
136,Tue Jul 05 08:43:38 UTC 2011,0.0,level_11,34,1000.0,Tue Jul 05 08:43:38 UTC 2011
137,Tue Jul 05 08:43:38 UTC 2011,10000.0,level_99,35,999999999.0,Tue Jul 05 08:43:38 UTC 2011
138,Tue Jul 05 08:43:38 UTC 2011,5000.0,level_88,35,10000.0,Tue Jul 05 08:43:38 UTC 2011
139,Tue Jul 05 08:43:38 UTC 2011,1000.0,level_66,35,5000.0,Tue Jul 05 08:43:38 UTC 2011
140,Tue Jul 05 08:43:38 UTC 2011,0.0,level_11,35,1000.0,Tue Jul 05 08:43:38 UTC 2011
141,Tue Jul 05 08:43:38 UTC 2011,10000.0,level_99,36,999999999.0,Tue Jul 05 08:43:38 UTC 2011
142,Tue Jul 05 08:43:38 UTC 2011,5000.0,level_88,36,10000.0,Tue Jul 05 08:43:38 UTC 2011
143,Tue Jul 05 08:43:38 UTC 2011,1000.0,level_66,36,5000.0,Tue Jul 05 08:43:38 UTC 2011
144,Tue Jul 05 08:43:38 UTC 2011,0.0,level_11,36,1000.0,Tue Jul 05 08:43:38 UTC 2011
145,Tue Jul 05 08:43:38 UTC 2011,10000.0,level_99,37,999999999.0,Tue Jul 05 08:43:38 UTC 2011
146,Tue Jul 05 08:43:38 UTC 2011,5000.0,level_88,37,10000.0,Tue Jul 05 08:43:38 UTC 2011
147,Tue Jul 05 08:43:38 UTC 2011,1000.0,level_66,37,5000.0,Tue Jul 05 08:43:38 UTC 2011
148,Tue Jul 05 08:43:38 UTC 2011,0.0,level_11,37,1000.0,Tue Jul 05 08:43:38 UTC 2011
149,Tue Jul 05 08:43:38 UTC 2011,10000.0,level_99,38,999999999.0,Tue Jul 05 08:43:38 UTC 2011
150,Tue Jul 05 08:43:38 UTC 2011,5000.0,level_88,38,10000.0,Tue Jul 05 08:43:38 UTC 2011
151,Tue Jul 05 08:43:38 UTC 2011,1000.0,level_66,38,5000.0,Tue Jul 05 08:43:38 UTC 2011
152,Tue Jul 05 08:43:38 UTC 2011,0.0,level_11,38,1000.0,Tue Jul 05 08:43:38 UTC 2011
153,Tue Jul 05 08:43:38 UTC 2011,10000.0,level_99,39,999999999.0,Tue Jul 05 08:43:38 UTC 2011
154,Tue Jul 05 08:43:38 UTC 2011,5000.0,level_88,39,10000.0,Tue Jul 05 08:43:38 UTC 2011
155,Tue Jul 05 08:43:38 UTC 2011,1000.0,level_66,39,5000.0,Tue Jul 05 08:43:38 UTC 2011
156,Tue Jul 05 08:43:38 UTC 2011,0.0,level_11,39,1000.0,Tue Jul 05 08:43:38 UTC 2011
157,Tue Jul 05 08:43:38 UTC 2011,10000.0,level_99,40,999999999.0,Tue Jul 05 08:43:38 UTC 2011
158,Tue Jul 05 08:43:38 UTC 2011,5000.0,level_88,40,10000.0,Tue Jul 05 08:43:38 UTC 2011
159,Tue Jul 05 08:43:38 UTC 2011,1000.0,level_66,40,5000.0,Tue Jul 05 08:43:38 UTC 2011
160,Tue Jul 05 08:43:38 UTC 2011,0.0,level_11,40,1000.0,Tue Jul 05 08:43:38 UTC 2011
161,Tue Jul 05 08:43:38 UTC 2011,10000.0,level_99,41,999999999.0,Tue Jul 05 08:43:38 UTC 2011
162,Tue Jul 05 08:43:38 UTC 2011,5000.0,level_88,41,10000.0,Tue Jul 05 08:43:38 UTC 2011
163,Tue Jul 05 08:43:38 UTC 2011,1000.0,level_66,41,5000.0,Tue Jul 05 08:43:38 UTC 2011
164,Tue Jul 05 08:43:38 UTC 2011,0.0,level_11,41,1000.0,Tue Jul 05 08:43:38 UTC 2011
165,Tue Jul 05 08:43:38 UTC 2011,10000.0,level_99,42,999999999.0,Tue Jul 05 08:43:38 UTC 2011
166,Tue Jul 05 08:43:38 UTC 2011,5000.0,level_88,42,10000.0,Tue Jul 05 08:43:38 UTC 2011
167,Tue Jul 05 08:43:38 UTC 2011,1000.0,level_66,42,5000.0,Tue Jul 05 08:43:38 UTC 2011
168,Tue Jul 05 08:43:38 UTC 2011,0.0,level_11,42,1000.0,Tue Jul 05 08:43:38 UTC 2011
169,Tue Jul 05 08:43:38 UTC 2011,10000.0,level_99,43,999999999.0,Tue Jul 05 08:43:38 UTC 2011
170,Tue Jul 05 08:43:38 UTC 2011,5000.0,level_88,43,10000.0,Tue Jul 05 08:43:38 UTC 2011
171,Tue Jul 05 08:43:38 UTC 2011,1000.0,level_66,43,5000.0,Tue Jul 05 08:43:38 UTC 2011
172,Tue Jul 05 08:43:38 UTC 2011,0.0,level_11,43,1000.0,Tue Jul 05 08:43:38 UTC 2011
173,Tue Jul 05 08:43:38 UTC 2011,10000.0,level_99,44,999999999.0,Tue Jul 05 08:43:38 UTC 2011
174,Tue Jul 05 08:43:38 UTC 2011,5000.0,level_88,44,10000.0,Tue Jul 05 08:43:38 UTC 2011
175,Tue Jul 05 08:43:38 UTC 2011,1000.0,level_66,44,5000.0,Tue Jul 05 08:43:38 UTC 2011
176,Tue Jul 05 08:43:38 UTC 2011,0.0,level_11,44,1000.0,Tue Jul 05 08:43:38 UTC 2011
177,Tue Jul 05 08:43:38 UTC 2011,10000.0,level_99,45,999999999.0,Tue Jul 05 08:43:38 UTC 2011
178,Tue Jul 05 08:43:38 UTC 2011,5000.0,level_88,45,10000.0,Tue Jul 05 08:43:38 UTC 2011
179,Tue Jul 05 08:43:38 UTC 2011,1000.0,level_66,45,5000.0,Tue Jul 05 08:43:38 UTC 2011
180,Tue Jul 05 08:43:38 UTC 2011,0.0,level_11,45,1000.0,Tue Jul 05 08:43:38 UTC 2011
181,Tue Jul 05 08:43:38 UTC 2011,10000.0,level_99,46,999999999.0,Tue Jul 05 08:43:38 UTC 2011
182,Tue Jul 05 08:43:38 UTC 2011,5000.0,level_88,46,10000.0,Tue Jul 05 08:43:38 UTC 2011
183,Tue Jul 05 08:43:38 UTC 2011,1000.0,level_66,46,5000.0,Tue Jul 05 08:43:38 UTC 2011
184,Tue Jul 05 08:43:38 UTC 2011,0.0,level_11,46,1000.0,Tue Jul 05 08:43:38 UTC 2011
185,Tue Jul 05 08:43:38 UTC 2011,10000.0,level_99,47,999999999.0,Tue Jul 05 08:43:38 UTC 2011
186,Tue Jul 05 08:43:38 UTC 2011,5000.0,level_88,47,10000.0,Tue Jul 05 08:43:38 UTC 2011
187,Tue Jul 05 08:43:38 UTC 2011,1000.0,level_66,47,5000.0,Tue Jul 05 08:43:38 UTC 2011
188,Tue Jul 05 08:43:38 UTC 2011,0.0,level_11,47,1000.0,Tue Jul 05 08:43:38 UTC 2011
189,Tue Jul 05 08:43:38 UTC 2011,10000.0,level_99,48,999999999.0,Tue Jul 05 08:43:38 UTC 2011
190,Tue Jul 05 08:43:38 UTC 2011,5000.0,level_88,48,10000.0,Tue Jul 05 08:43:38 UTC 2011
191,Tue Jul 05 08:43:38 UTC 2011,1000.0,level_66,48,5000.0,Tue Jul 05 08:43:38 UTC 2011
192,Tue Jul 05 08:43:38 UTC 2011,0.0,level_11,48,1000.0,Tue Jul 05 08:43:38 UTC 2011
193,Tue Jul 05 08:43:38 UTC 2011,10000.0,level_99,49,999999999.0,Tue Jul 05 08:43:38 UTC 2011
194,Tue Jul 05 08:43:38 UTC 2011,5000.0,level_88,49,10000.0,Tue Jul 05 08:43:38 UTC 2011
195,Tue Jul 05 08:43:38 UTC 2011,1000.0,level_66,49,5000.0,Tue Jul 05 08:43:38 UTC 2011
196,Tue Jul 05 08:43:38 UTC 2011,0.0,level_11,49,1000.0,Tue Jul 05 08:43:38 UTC 2011
197,Tue Jul 05 08:43:38 UTC 2011,10000.0,level_99,50,999999999.0,Tue Jul 05 08:43:38 UTC 2011
198,Tue Jul 05 08:43:38 UTC 2011,5000.0,level_88,50,10000.0,Tue Jul 05 08:43:38 UTC 2011
199,Tue Jul 05 08:43:38 UTC 2011,1000.0,level_66,50,5000.0,Tue Jul 05 08:43:38 UTC 2011
200,Tue Jul 05 08:43:38 UTC 2011,0.0,level_11,50,1000.0,Tue Jul 05 08:43:38 UTC 2011
201,Tue Jul 05 08:43:38 UTC 2011,10000.0,level_99,51,999999999.0,Tue Jul 05 08:43:38 UTC 2011
202,Tue Jul 05 08:43:38 UTC 2011,5000.0,level_88,51,10000.0,Tue Jul 05 08:43:38 UTC 2011
203,Tue Jul 05 08:43:38 UTC 2011,1000.0,level_66,51,5000.0,Tue Jul 05 08:43:38 UTC 2011
204,Tue Jul 05 08:43:38 UTC 2011,0.0,level_11,51,1000.0,Tue Jul 05 08:43:38 UTC 2011
205,Tue Jul 05 08:43:38 UTC 2011,10000.0,level_99,52,999999999.0,Tue Jul 05 08:43:38 UTC 2011
206,Tue Jul 05 08:43:38 UTC 2011,5000.0,level_88,52,10000.0,Tue Jul 05 08:43:38 UTC 2011
207,Tue Jul 05 08:43:38 UTC 2011,1000.0,level_66,52,5000.0,Tue Jul 05 08:43:38 UTC 2011
208,Tue Jul 05 08:43:38 UTC 2011,0.0,level_11,52,1000.0,Tue Jul 05 08:43:38 UTC 2011
209,Tue Jul 05 08:43:38 UTC 2011,10000.0,level_99,53,999999999.0,Tue Jul 05 08:43:38 UTC 2011
210,Tue Jul 05 08:43:38 UTC 2011,5000.0,level_88,53,10000.0,Tue Jul 05 08:43:38 UTC 2011
211,Tue Jul 05 08:43:38 UTC 2011,1000.0,level_66,53,5000.0,Tue Jul 05 08:43:38 UTC 2011
212,Tue Jul 05 08:43:38 UTC 2011,0.0,level_11,53,1000.0,Tue Jul 05 08:43:38 UTC 2011
213,Tue Jul 05 08:43:38 UTC 2011,10000.0,level_99,54,999999999.0,Tue Jul 05 08:43:38 UTC 2011
214,Tue Jul 05 08:43:38 UTC 2011,5000.0,level_88,54,10000.0,Tue Jul 05 08:43:38 UTC 2011
215,Tue Jul 05 08:43:38 UTC 2011,1000.0,level_66,54,5000.0,Tue Jul 05 08:43:38 UTC 2011
216,Tue Jul 05 08:43:38 UTC 2011,0.0,level_11,54,1000.0,Tue Jul 05 08:43:38 UTC 2011
217,Tue Jul 05 08:43:38 UTC 2011,10000.0,level_99,55,999999999.0,Tue Jul 05 08:43:38 UTC 2011
218,Tue Jul 05 08:43:38 UTC 2011,5000.0,level_88,55,10000.0,Tue Jul 05 08:43:38 UTC 2011
219,Tue Jul 05 08:43:38 UTC 2011,1000.0,level_66,55,5000.0,Tue Jul 05 08:43:38 UTC 2011
220,Tue Jul 05 08:43:38 UTC 2011,0.0,level_11,55,1000.0,Tue Jul 05 08:43:38 UTC 2011
221,Tue Jul 05 08:43:38 UTC 2011,10000.0,level_99,56,999999999.0,Tue Jul 05 08:43:38 UTC 2011
222,Tue Jul 05 08:43:38 UTC 2011,5000.0,level_88,56,10000.0,Tue Jul 05 08:43:38 UTC 2011
223,Tue Jul 05 08:43:38 UTC 2011,1000.0,level_66,56,5000.0,Tue Jul 05 08:43:38 UTC 2011
224,Tue Jul 05 08:43:38 UTC 2011,0.0,level_11,56,1000.0,Tue Jul 05 08:43:38 UTC 2011
225,Tue Jul 05 08:43:38 UTC 2011,10000.0,level_99,57,999999999.0,Tue Jul 05 08:43:38 UTC 2011
226,Tue Jul 05 08:43:38 UTC 2011,5000.0,level_88,57,10000.0,Tue Jul 05 08:43:38 UTC 2011
227,Tue Jul 05 08:43:38 UTC 2011,1000.0,level_66,57,5000.0,Tue Jul 05 08:43:38 UTC 2011
228,Tue Jul 05 08:43:38 UTC 2011,0.0,level_11,57,1000.0,Tue Jul 05 08:43:38 UTC 2011
229,Tue Jul 05 08:43:38 UTC 2011,10000.0,level_99,58,999999999.0,Tue Jul 05 08:43:38 UTC 2011
230,Tue Jul 05 08:43:38 UTC 2011,5000.0,level_88,58,10000.0,Tue Jul 05 08:43:38 UTC 2011
231,Tue Jul 05 08:43:38 UTC 2011,1000.0,level_66,58,5000.0,Tue Jul 05 08:43:38 UTC 2011
232,Tue Jul 05 08:43:38 UTC 2011,0.0,level_11,58,1000.0,Tue Jul 05 08:43:38 UTC 2011
233,Tue Jul 05 08:43:38 UTC 2011,10000.0,level_99,59,999999999.0,Tue Jul 05 08:43:38 UTC 2011
234,Tue Jul 05 08:43:38 UTC 2011,5000.0,level_88,59,10000.0,Tue Jul 05 08:43:38 UTC 2011
235,Tue Jul 05 08:43:38 UTC 2011,1000.0,level_66,59,5000.0,Tue Jul 05 08:43:38 UTC 2011
236,Tue Jul 05 08:43:38 UTC 2011,0.0,level_11,59,1000.0,Tue Jul 05 08:43:38 UTC 2011
237,Tue Jul 05 08:43:38 UTC 2011,10000.0,level_99,60,999999999.0,Tue Jul 05 08:43:38 UTC 2011
238,Tue Jul 05 08:43:38 UTC 2011,5000.0,level_88,60,10000.0,Tue Jul 05 08:43:38 UTC 2011
239,Tue Jul 05 08:43:38 UTC 2011,1000.0,level_66,60,5000.0,Tue Jul 05 08:43:38 UTC 2011
240,Tue Jul 05 08:43:38 UTC 2011,0.0,level_11,60,1000.0,Tue Jul 05 08:43:38 UTC 2011
241,Tue Jul 05 08:43:38 UTC 2011,10000.0,level_99,61,999999999.0,Tue Jul 05 08:43:38 UTC 2011
242,Tue Jul 05 08:43:38 UTC 2011,5000.0,level_88,61,10000.0,Tue Jul 05 08:43:38 UTC 2011
243,Tue Jul 05 08:43:38 UTC 2011,1000.0,level_66,61,5000.0,Tue Jul 05 08:43:38 UTC 2011
244,Tue Jul 05 08:43:38 UTC 2011,0.0,level_11,61,1000.0,Tue Jul 05 08:43:38 UTC 2011
245,Tue Jul 05 08:43:38 UTC 2011,10000.0,level_99,62,999999999.0,Tue Jul 05 08:43:38 UTC 2011
246,Tue Jul 05 08:43:38 UTC 2011,5000.0,level_88,62,10000.0,Tue Jul 05 08:43:38 UTC 2011
247,Tue Jul 05 08:43:38 UTC 2011,1000.0,level_66,62,5000.0,Tue Jul 05 08:43:38 UTC 2011
248,Tue Jul 05 08:43:38 UTC 2011,0.0,level_11,62,1000.0,Tue Jul 05 08:43:38 UTC 2011
249,Tue Jul 05 08:43:38 UTC 2011,10000.0,level_99,63,999999999.0,Tue Jul 05 08:43:38 UTC 2011
250,Tue Jul 05 08:43:38 UTC 2011,5000.0,level_88,63,10000.0,Tue Jul 05 08:43:38 UTC 2011
251,Tue Jul 05 08:43:38 UTC 2011,1000.0,level_66,63,5000.0,Tue Jul 05 08:43:38 UTC 2011
252,Tue Jul 05 08:43:38 UTC 2011,0.0,level_11,63,1000.0,Tue Jul 05 08:43:38 UTC 2011
253,Tue Jul 05 08:43:38 UTC 2011,10000.0,level_99,64,999999999.0,Tue Jul 05 08:43:38 UTC 2011
254,Tue Jul 05 08:43:38 UTC 2011,5000.0,level_88,64,10000.0,Tue Jul 05 08:43:38 UTC 2011
255,Tue Jul 05 08:43:38 UTC 2011,1000.0,level_66,64,5000.0,Tue Jul 05 08:43:38 UTC 2011
256,Tue Jul 05 08:43:38 UTC 2011,0.0,level_11,64,1000.0,Tue Jul 05 08:43:38 UTC 2011
257,Tue Jul 05 08:43:38 UTC 2011,10000.0,level_99,65,999999999.0,Tue Jul 05 08:43:38 UTC 2011
258,Tue Jul 05 08:43:38 UTC 2011,5000.0,level_88,65,10000.0,Tue Jul 05 08:43:38 UTC 2011
259,Tue Jul 05 08:43:38 UTC 2011,1000.0,level_66,65,5000.0,Tue Jul 05 08:43:38 UTC 2011
260,Tue Jul 05 08:43:38 UTC 2011,0.0,level_11,65,1000.0,Tue Jul 05 08:43:38 UTC 2011
261,Tue Jul 05 08:43:38 UTC 2011,10000.0,level_99,66,999999999.0,Tue Jul 05 08:43:38 UTC 2011
262,Tue Jul 05 08:43:38 UTC 2011,5000.0,level_88,66,10000.0,Tue Jul 05 08:43:38 UTC 2011
263,Tue Jul 05 08:43:38 UTC 2011,1000.0,level_66,66,5000.0,Tue Jul 05 08:43:38 UTC 2011
264,Tue Jul 05 08:43:38 UTC 2011,0.0,level_11,66,1000.0,Tue Jul 05 08:43:38 UTC 2011
265,Tue Jul 05 08:43:38 UTC 2011,10000.0,level_99,67,999999999.0,Tue Jul 05 08:43:38 UTC 2011
266,Tue Jul 05 08:43:38 UTC 2011,5000.0,level_88,67,10000.0,Tue Jul 05 08:43:38 UTC 2011
267,Tue Jul 05 08:43:38 UTC 2011,1000.0,level_66,67,5000.0,Tue Jul 05 08:43:38 UTC 2011
268,Tue Jul 05 08:43:38 UTC 2011,0.0,level_11,67,1000.0,Tue Jul 05 08:43:38 UTC 2011
269,Tue Jul 05 08:43:38 UTC 2011,10000.0,level_99,68,999999999.0,Tue Jul 05 08:43:38 UTC 2011
270,Tue Jul 05 08:43:38 UTC 2011,5000.0,level_88,68,10000.0,Tue Jul 05 08:43:38 UTC 2011
271,Tue Jul 05 08:43:38 UTC 2011,1000.0,level_66,68,5000.0,Tue Jul 05 08:43:38 UTC 2011
272,Tue Jul 05 08:43:38 UTC 2011,0.0,level_11,68,1000.0,Tue Jul 05 08:43:38 UTC 2011
273,Tue Jul 05 08:43:38 UTC 2011,10000.0,level_99,69,999999999.0,Tue Jul 05 08:43:38 UTC 2011
274,Tue Jul 05 08:43:38 UTC 2011,5000.0,level_88,69,10000.0,Tue Jul 05 08:43:38 UTC 2011
275,Tue Jul 05 08:43:38 UTC 2011,1000.0,level_66,69,5000.0,Tue Jul 05 08:43:38 UTC 2011
276,Tue Jul 05 08:43:38 UTC 2011,0.0,level_11,69,1000.0,Tue Jul 05 08:43:38 UTC 2011
277,Tue Jul 05 08:43:38 UTC 2011,10000.0,level_99,70,999999999.0,Tue Jul 05 08:43:38 UTC 2011
278,Tue Jul 05 08:43:38 UTC 2011,5000.0,level_88,70,10000.0,Tue Jul 05 08:43:38 UTC 2011
279,Tue Jul 05 08:43:38 UTC 2011,1000.0,level_66,70,5000.0,Tue Jul 05 08:43:38 UTC 2011
280,Tue Jul 05 08:43:38 UTC 2011,0.0,level_11,70,1000.0,Tue Jul 05 08:43:38 UTC 2011
281,Tue Jul 05 08:43:38 UTC 2011,10000.0,level_99,71,999999999.0,Tue Jul 05 08:43:38 UTC 2011
282,Tue Jul 05 08:43:38 UTC 2011,5000.0,level_88,71,10000.0,Tue Jul 05 08:43:38 UTC 2011
283,Tue Jul 05 08:43:38 UTC 2011,1000.0,level_66,71,5000.0,Tue Jul 05 08:43:38 UTC 2011
284,Tue Jul 05 08:43:38 UTC 2011,0.0,level_11,71,1000.0,Tue Jul 05 08:43:38 UTC 2011
285,Tue Jul 05 08:43:38 UTC 2011,10000.0,level_99,72,999999999.0,Tue Jul 05 08:43:38 UTC 2011
286,Tue Jul 05 08:43:38 UTC 2011,5000.0,level_88,72,10000.0,Tue Jul 05 08:43:38 UTC 2011
287,Tue Jul 05 08:43:38 UTC 2011,1000.0,level_66,72,5000.0,Tue Jul 05 08:43:38 UTC 2011
288,Tue Jul 05 08:43:38 UTC 2011,0.0,level_11,72,1000.0,Tue Jul 05 08:43:38 UTC 2011
289,Tue Jul 05 08:43:38 UTC 2011,10000.0,level_99,73,999999999.0,Tue Jul 05 08:43:38 UTC 2011
290,Tue Jul 05 08:43:38 UTC 2011,5000.0,level_88,73,10000.0,Tue Jul 05 08:43:38 UTC 2011
291,Tue Jul 05 08:43:38 UTC 2011,1000.0,level_66,73,5000.0,Tue Jul 05 08:43:38 UTC 2011
292,Tue Jul 05 08:43:38 UTC 2011,0.0,level_11,73,1000.0,Tue Jul 05 08:43:38 UTC 2011
293,Tue Jul 05 08:43:38 UTC 2011,10000.0,level_99,74,999999999.0,Tue Jul 05 08:43:38 UTC 2011
294,Tue Jul 05 08:43:38 UTC 2011,5000.0,level_88,74,10000.0,Tue Jul 05 08:43:38 UTC 2011
295,Tue Jul 05 08:43:38 UTC 2011,1000.0,level_66,74,5000.0,Tue Jul 05 08:43:38 UTC 2011
296,Tue Jul 05 08:43:38 UTC 2011,0.0,level_11,74,1000.0,Tue Jul 05 08:43:38 UTC 2011
297,Tue Jul 05 08:43:38 UTC 2011,10000.0,level_99,75,999999999.0,Tue Jul 05 08:43:38 UTC 2011
298,Tue Jul 05 08:43:38 UTC 2011,5000.0,level_88,75,10000.0,Tue Jul 05 08:43:38 UTC 2011
299,Tue Jul 05 08:43:38 UTC 2011,1000.0,level_66,75,5000.0,Tue Jul 05 08:43:38 UTC 2011
300,Tue Jul 05 08:43:38 UTC 2011,0.0,level_11,75,1000.0,Tue Jul 05 08:43:38 UTC 2011
301,Tue Jul 05 08:43:38 UTC 2011,10000.0,level_99,76,999999999.0,Tue Jul 05 08:43:38 UTC 2011
302,Tue Jul 05 08:43:38 UTC 2011,5000.0,level_88,76,10000.0,Tue Jul 05 08:43:38 UTC 2011
303,Tue Jul 05 08:43:38 UTC 2011,1000.0,level_66,76,5000.0,Tue Jul 05 08:43:38 UTC 2011
304,Tue Jul 05 08:43:38 UTC 2011,0.0,level_11,76,1000.0,Tue Jul 05 08:43:38 UTC 2011
305,Tue Jul 05 08:43:38 UTC 2011,10000.0,level_99,77,999999999.0,Tue Jul 05 08:43:38 UTC 2011
306,Tue Jul 05 08:43:38 UTC 2011,5000.0,level_88,77,10000.0,Tue Jul 05 08:43:38 UTC 2011
307,Tue Jul 05 08:43:38 UTC 2011,1000.0,level_66,77,5000.0,Tue Jul 05 08:43:38 UTC 2011
308,Tue Jul 05 08:43:38 UTC 2011,0.0,level_11,77,1000.0,Tue Jul 05 08:43:38 UTC 2011
309,Tue Jul 05 08:43:38 UTC 2011,10000.0,level_99,78,999999999.0,Tue Jul 05 08:43:38 UTC 2011
310,Tue Jul 05 08:43:38 UTC 2011,5000.0,level_88,78,10000.0,Tue Jul 05 08:43:38 UTC 2011
311,Tue Jul 05 08:43:38 UTC 2011,1000.0,level_66,78,5000.0,Tue Jul 05 08:43:38 UTC 2011
312,Tue Jul 05 08:43:38 UTC 2011,0.0,level_11,78,1000.0,Tue Jul 05 08:43:38 UTC 2011
313,Tue Jul 05 08:43:38 UTC 2011,10000.0,level_99,79,999999999.0,Tue Jul 05 08:43:38 UTC 2011
314,Tue Jul 05 08:43:38 UTC 2011,5000.0,level_88,79,10000.0,Tue Jul 05 08:43:38 UTC 2011
315,Tue Jul 05 08:43:38 UTC 2011,1000.0,level_66,79,5000.0,Tue Jul 05 08:43:38 UTC 2011
316,Tue Jul 05 08:43:38 UTC 2011,0.0,level_11,79,1000.0,Tue Jul 05 08:43:38 UTC 2011
317,Tue Jul 05 08:43:38 UTC 2011,10000.0,level_99,80,999999999.0,Tue Jul 05 08:43:38 UTC 2011
318,Tue Jul 05 08:43:38 UTC 2011,5000.0,level_88,80,10000.0,Tue Jul 05 08:43:38 UTC 2011
319,Tue Jul 05 08:43:38 UTC 2011,1000.0,level_66,80,5000.0,Tue Jul 05 08:43:38 UTC 2011
320,Tue Jul 05 08:43:38 UTC 2011,0.0,level_11,80,1000.0,Tue Jul 05 08:43:38 UTC 2011
321,Tue Jul 05 08:43:38 UTC 2011,10000.0,level_99,81,999999999.0,Tue Jul 05 08:43:38 UTC 2011
322,Tue Jul 05 08:43:38 UTC 2011,5000.0,level_88,81,10000.0,Tue Jul 05 08:43:38 UTC 2011
323,Tue Jul 05 08:43:38 UTC 2011,1000.0,level_66,81,5000.0,Tue Jul 05 08:43:38 UTC 2011
324,Tue Jul 05 08:43:39 UTC 2011,0.0,level_11,81,1000.0,Tue Jul 05 08:43:39 UTC 2011
325,Tue Jul 05 08:43:39 UTC 2011,10000.0,level_99,82,999999999.0,Tue Jul 05 08:43:39 UTC 2011
326,Tue Jul 05 08:43:39 UTC 2011,5000.0,level_88,82,10000.0,Tue Jul 05 08:43:39 UTC 2011
327,Tue Jul 05 08:43:39 UTC 2011,1000.0,level_66,82,5000.0,Tue Jul 05 08:43:39 UTC 2011
328,Tue Jul 05 08:43:39 UTC 2011,0.0,level_11,82,1000.0,Tue Jul 05 08:43:39 UTC 2011
329,Tue Jul 05 08:43:39 UTC 2011,10000.0,level_99,83,999999999.0,Tue Jul 05 08:43:39 UTC 2011
330,Tue Jul 05 08:43:39 UTC 2011,5000.0,level_88,83,10000.0,Tue Jul 05 08:43:39 UTC 2011
331,Tue Jul 05 08:43:39 UTC 2011,1000.0,level_66,83,5000.0,Tue Jul 05 08:43:39 UTC 2011
332,Tue Jul 05 08:43:39 UTC 2011,0.0,level_11,83,1000.0,Tue Jul 05 08:43:39 UTC 2011
333,Tue Jul 05 08:43:39 UTC 2011,10000.0,level_99,84,999999999.0,Tue Jul 05 08:43:39 UTC 2011
334,Tue Jul 05 08:43:39 UTC 2011,5000.0,level_88,84,10000.0,Tue Jul 05 08:43:39 UTC 2011
335,Tue Jul 05 08:43:39 UTC 2011,1000.0,level_66,84,5000.0,Tue Jul 05 08:43:39 UTC 2011
336,Tue Jul 05 08:43:39 UTC 2011,0.0,level_11,84,1000.0,Tue Jul 05 08:43:39 UTC 2011
337,Tue Jul 05 08:43:39 UTC 2011,10000.0,level_99,85,999999999.0,Tue Jul 05 08:43:39 UTC 2011
338,Tue Jul 05 08:43:39 UTC 2011,5000.0,level_88,85,10000.0,Tue Jul 05 08:43:39 UTC 2011
339,Tue Jul 05 08:43:39 UTC 2011,1000.0,level_66,85,5000.0,Tue Jul 05 08:43:39 UTC 2011
340,Tue Jul 05 08:43:39 UTC 2011,0.0,level_11,85,1000.0,Tue Jul 05 08:43:39 UTC 2011
341,Tue Jul 05 08:43:39 UTC 2011,10000.0,level_99,86,999999999.0,Tue Jul 05 08:43:39 UTC 2011
342,Tue Jul 05 08:43:39 UTC 2011,5000.0,level_88,86,10000.0,Tue Jul 05 08:43:39 UTC 2011
343,Tue Jul 05 08:43:39 UTC 2011,1000.0,level_66,86,5000.0,Tue Jul 05 08:43:39 UTC 2011
344,Tue Jul 05 08:43:39 UTC 2011,0.0,level_11,86,1000.0,Tue Jul 05 08:43:39 UTC 2011
345,Tue Jul 05 08:43:39 UTC 2011,10000.0,level_99,87,999999999.0,Tue Jul 05 08:43:39 UTC 2011
346,Tue Jul 05 08:43:39 UTC 2011,5000.0,level_88,87,10000.0,Tue Jul 05 08:43:39 UTC 2011
347,Tue Jul 05 08:43:39 UTC 2011,1000.0,level_66,87,5000.0,Tue Jul 05 08:43:39 UTC 2011
348,Tue Jul 05 08:43:39 UTC 2011,0.0,level_11,87,1000.0,Tue Jul 05 08:43:39 UTC 2011
349,Tue Jul 05 08:43:39 UTC 2011,10000.0,level_99,88,999999999.0,Tue Jul 05 08:43:39 UTC 2011
350,Tue Jul 05 08:43:39 UTC 2011,5000.0,level_88,88,10000.0,Tue Jul 05 08:43:39 UTC 2011
351,Tue Jul 05 08:43:39 UTC 2011,1000.0,level_66,88,5000.0,Tue Jul 05 08:43:39 UTC 2011
352,Tue Jul 05 08:43:39 UTC 2011,0.0,level_11,88,1000.0,Tue Jul 05 08:43:39 UTC 2011
353,Tue Jul 05 08:43:39 UTC 2011,10000.0,level_99,89,999999999.0,Tue Jul 05 08:43:39 UTC 2011
354,Tue Jul 05 08:43:39 UTC 2011,5000.0,level_88,89,10000.0,Tue Jul 05 08:43:39 UTC 2011
355,Tue Jul 05 08:43:39 UTC 2011,1000.0,level_66,89,5000.0,Tue Jul 05 08:43:39 UTC 2011
356,Tue Jul 05 08:43:39 UTC 2011,0.0,level_11,89,1000.0,Tue Jul 05 08:43:39 UTC 2011
357,Tue Jul 05 08:43:39 UTC 2011,10000.0,level_99,90,999999999.0,Tue Jul 05 08:43:39 UTC 2011
358,Tue Jul 05 08:43:39 UTC 2011,5000.0,level_88,90,10000.0,Tue Jul 05 08:43:39 UTC 2011
359,Tue Jul 05 08:43:39 UTC 2011,1000.0,level_66,90,5000.0,Tue Jul 05 08:43:39 UTC 2011
360,Tue Jul 05 08:43:39 UTC 2011,0.0,level_11,90,1000.0,Tue Jul 05 08:43:39 UTC 2011
361,Tue Jul 05 08:43:39 UTC 2011,10000.0,level_99,91,999999999.0,Tue Jul 05 08:43:39 UTC 2011
362,Tue Jul 05 08:43:39 UTC 2011,5000.0,level_88,91,10000.0,Tue Jul 05 08:43:39 UTC 2011
363,Tue Jul 05 08:43:39 UTC 2011,1000.0,level_66,91,5000.0,Tue Jul 05 08:43:39 UTC 2011
364,Tue Jul 05 08:43:39 UTC 2011,0.0,level_11,91,1000.0,Tue Jul 05 08:43:39 UTC 2011
365,Tue Jul 05 08:43:39 UTC 2011,10000.0,level_99,92,999999999.0,Tue Jul 05 08:43:39 UTC 2011
366,Tue Jul 05 08:43:39 UTC 2011,5000.0,level_88,92,10000.0,Tue Jul 05 08:43:39 UTC 2011
367,Tue Jul 05 08:43:39 UTC 2011,1000.0,level_66,92,5000.0,Tue Jul 05 08:43:39 UTC 2011
368,Tue Jul 05 08:43:39 UTC 2011,0.0,level_11,92,1000.0,Tue Jul 05 08:43:39 UTC 2011
369,Tue Jul 05 08:43:39 UTC 2011,10000.0,level_99,93,999999999.0,Tue Jul 05 08:43:39 UTC 2011
370,Tue Jul 05 08:43:39 UTC 2011,5000.0,level_88,93,10000.0,Tue Jul 05 08:43:39 UTC 2011
371,Tue Jul 05 08:43:39 UTC 2011,1000.0,level_66,93,5000.0,Tue Jul 05 08:43:39 UTC 2011
372,Tue Jul 05 08:43:39 UTC 2011,0.0,level_11,93,1000.0,Tue Jul 05 08:43:39 UTC 2011
373,Tue Jul 05 08:43:39 UTC 2011,10000.0,level_99,94,999999999.0,Tue Jul 05 08:43:39 UTC 2011
374,Tue Jul 05 08:43:39 UTC 2011,5000.0,level_88,94,10000.0,Tue Jul 05 08:43:39 UTC 2011
375,Tue Jul 05 08:43:39 UTC 2011,1000.0,level_66,94,5000.0,Tue Jul 05 08:43:39 UTC 2011
376,Tue Jul 05 08:43:39 UTC 2011,0.0,level_11,94,1000.0,Tue Jul 05 08:43:39 UTC 2011
377,Tue Jul 05 08:43:39 UTC 2011,10000.0,level_99,95,999999999.0,Tue Jul 05 08:43:39 UTC 2011
378,Tue Jul 05 08:43:39 UTC 2011,5000.0,level_88,95,10000.0,Tue Jul 05 08:43:39 UTC 2011
379,Tue Jul 05 08:43:39 UTC 2011,1000.0,level_66,95,5000.0,Tue Jul 05 08:43:39 UTC 2011
380,Tue Jul 05 08:43:39 UTC 2011,0.0,level_11,95,1000.0,Tue Jul 05 08:43:39 UTC 2011
381,Tue Jul 05 08:43:39 UTC 2011,10000.0,level_99,96,999999999.0,Tue Jul 05 08:43:39 UTC 2011
382,Tue Jul 05 08:43:39 UTC 2011,5000.0,level_88,96,10000.0,Tue Jul 05 08:43:39 UTC 2011
383,Tue Jul 05 08:43:39 UTC 2011,1000.0,level_66,96,5000.0,Tue Jul 05 08:43:39 UTC 2011
384,Tue Jul 05 08:43:39 UTC 2011,0.0,level_11,96,1000.0,Tue Jul 05 08:43:39 UTC 2011
385,Tue Jul 05 08:43:39 UTC 2011,10000.0,level_99,97,999999999.0,Tue Jul 05 08:43:39 UTC 2011
386,Tue Jul 05 08:43:39 UTC 2011,5000.0,level_88,97,10000.0,Tue Jul 05 08:43:39 UTC 2011
387,Tue Jul 05 08:43:39 UTC 2011,1000.0,level_66,97,5000.0,Tue Jul 05 08:43:39 UTC 2011
388,Tue Jul 05 08:43:39 UTC 2011,0.0,level_11,97,1000.0,Tue Jul 05 08:43:39 UTC 2011
389,Tue Jul 05 08:43:39 UTC 2011,10000.0,level_99,98,999999999.0,Tue Jul 05 08:43:39 UTC 2011
390,Tue Jul 05 08:43:39 UTC 2011,5000.0,level_88,98,10000.0,Tue Jul 05 08:43:39 UTC 2011
391,Tue Jul 05 08:43:39 UTC 2011,1000.0,level_66,98,5000.0,Tue Jul 05 08:43:39 UTC 2011
392,Tue Jul 05 08:43:39 UTC 2011,0.0,level_11,98,1000.0,Tue Jul 05 08:43:39 UTC 2011
393,Tue Jul 05 08:43:39 UTC 2011,10000.0,level_99,99,999999999.0,Tue Jul 05 08:43:39 UTC 2011
394,Tue Jul 05 08:43:39 UTC 2011,5000.0,level_88,99,10000.0,Tue Jul 05 08:43:39 UTC 2011
395,Tue Jul 05 08:43:39 UTC 2011,1000.0,level_66,99,5000.0,Tue Jul 05 08:43:39 UTC 2011
396,Tue Jul 05 08:43:39 UTC 2011,0.0,level_11,99,1000.0,Tue Jul 05 08:43:39 UTC 2011
397,Tue Jul 05 08:43:39 UTC 2011,10000.0,level_99,100,999999999.0,Tue Jul 05 08:43:39 UTC 2011
398,Tue Jul 05 08:43:39 UTC 2011,5000.0,level_88,100,10000.0,Tue Jul 05 08:43:39 UTC 2011
399,Tue Jul 05 08:43:39 UTC 2011,1000.0,level_66,100,5000.0,Tue Jul 05 08:43:39 UTC 2011
400,Tue Jul 05 08:43:39 UTC 2011,0.0,level_11,100,1000.0,Tue Jul 05 08:43:39 UTC 2011
401,Tue Jul 05 08:43:39 UTC 2011,10000.0,level_99,101,999999999.0,Tue Jul 05 08:43:39 UTC 2011
402,Tue Jul 05 08:43:39 UTC 2011,5000.0,level_88,101,10000.0,Tue Jul 05 08:43:39 UTC 2011
403,Tue Jul 05 08:43:39 UTC 2011,1000.0,level_66,101,5000.0,Tue Jul 05 08:43:39 UTC 2011
404,Tue Jul 05 08:43:39 UTC 2011,0.0,level_11,101,1000.0,Tue Jul 05 08:43:39 UTC 2011
405,Tue Jul 05 08:43:39 UTC 2011,10000.0,level_99,102,999999999.0,Tue Jul 05 08:43:39 UTC 2011
406,Tue Jul 05 08:43:39 UTC 2011,5000.0,level_88,102,10000.0,Tue Jul 05 08:43:39 UTC 2011
407,Tue Jul 05 08:43:39 UTC 2011,1000.0,level_66,102,5000.0,Tue Jul 05 08:43:39 UTC 2011
408,Tue Jul 05 08:43:39 UTC 2011,0.0,level_11,102,1000.0,Tue Jul 05 08:43:39 UTC 2011
409,Tue Jul 05 08:43:39 UTC 2011,10000.0,level_99,103,999999999.0,Tue Jul 05 08:43:39 UTC 2011
410,Tue Jul 05 08:43:39 UTC 2011,5000.0,level_88,103,10000.0,Tue Jul 05 08:43:39 UTC 2011
411,Tue Jul 05 08:43:39 UTC 2011,1000.0,level_66,103,5000.0,Tue Jul 05 08:43:39 UTC 2011
412,Tue Jul 05 08:43:39 UTC 2011,0.0,level_11,103,1000.0,Tue Jul 05 08:43:39 UTC 2011
413,Tue Jul 05 08:43:39 UTC 2011,10000.0,level_99,104,999999999.0,Tue Jul 05 08:43:39 UTC 2011
414,Tue Jul 05 08:43:39 UTC 2011,5000.0,level_88,104,10000.0,Tue Jul 05 08:43:39 UTC 2011
415,Tue Jul 05 08:43:39 UTC 2011,1000.0,level_66,104,5000.0,Tue Jul 05 08:43:39 UTC 2011
416,Tue Jul 05 08:43:39 UTC 2011,0.0,level_11,104,1000.0,Tue Jul 05 08:43:39 UTC 2011
417,Tue Jul 05 08:43:39 UTC 2011,10000.0,level_99,105,999999999.0,Tue Jul 05 08:43:39 UTC 2011
418,Tue Jul 05 08:43:39 UTC 2011,5000.0,level_88,105,10000.0,Tue Jul 05 08:43:39 UTC 2011
419,Tue Jul 05 08:43:39 UTC 2011,1000.0,level_66,105,5000.0,Tue Jul 05 08:43:39 UTC 2011
420,Tue Jul 05 08:43:39 UTC 2011,0.0,level_11,105,1000.0,Tue Jul 05 08:43:39 UTC 2011
421,Tue Jul 05 08:43:39 UTC 2011,10000.0,level_99,106,999999999.0,Tue Jul 05 08:43:39 UTC 2011
422,Tue Jul 05 08:43:39 UTC 2011,5000.0,level_88,106,10000.0,Tue Jul 05 08:43:39 UTC 2011
423,Tue Jul 05 08:43:39 UTC 2011,1000.0,level_66,106,5000.0,Tue Jul 05 08:43:39 UTC 2011
424,Tue Jul 05 08:43:39 UTC 2011,0.0,level_11,106,1000.0,Tue Jul 05 08:43:39 UTC 2011
425,Tue Jul 05 08:43:39 UTC 2011,10000.0,level_99,107,999999999.0,Tue Jul 05 08:43:39 UTC 2011
426,Tue Jul 05 08:43:39 UTC 2011,5000.0,level_88,107,10000.0,Tue Jul 05 08:43:39 UTC 2011
427,Tue Jul 05 08:43:39 UTC 2011,1000.0,level_66,107,5000.0,Tue Jul 05 08:43:39 UTC 2011
428,Tue Jul 05 08:43:39 UTC 2011,0.0,level_11,107,1000.0,Tue Jul 05 08:43:39 UTC 2011
429,Tue Jul 05 08:43:39 UTC 2011,10000.0,level_99,108,999999999.0,Tue Jul 05 08:43:39 UTC 2011
430,Tue Jul 05 08:43:39 UTC 2011,5000.0,level_88,108,10000.0,Tue Jul 05 08:43:39 UTC 2011
431,Tue Jul 05 08:43:39 UTC 2011,1000.0,level_66,108,5000.0,Tue Jul 05 08:43:39 UTC 2011
432,Tue Jul 05 08:43:39 UTC 2011,0.0,level_11,108,1000.0,Tue Jul 05 08:43:39 UTC 2011
433,Tue Jul 05 08:43:39 UTC 2011,10000.0,level_99,109,999999999.0,Tue Jul 05 08:43:39 UTC 2011
434,Tue Jul 05 08:43:39 UTC 2011,5000.0,level_88,109,10000.0,Tue Jul 05 08:43:39 UTC 2011
435,Tue Jul 05 08:43:39 UTC 2011,1000.0,level_66,109,5000.0,Tue Jul 05 08:43:39 UTC 2011
436,Tue Jul 05 08:43:39 UTC 2011,0.0,level_11,109,1000.0,Tue Jul 05 08:43:39 UTC 2011
437,Tue Jul 05 08:43:39 UTC 2011,10000.0,level_99,110,999999999.0,Tue Jul 05 08:43:39 UTC 2011
438,Tue Jul 05 08:43:39 UTC 2011,5000.0,level_88,110,10000.0,Tue Jul 05 08:43:39 UTC 2011
439,Tue Jul 05 08:43:39 UTC 2011,1000.0,level_66,110,5000.0,Tue Jul 05 08:43:39 UTC 2011
440,Tue Jul 05 08:43:39 UTC 2011,0.0,level_11,110,1000.0,Tue Jul 05 08:43:39 UTC 2011
441,Tue Jul 05 08:43:39 UTC 2011,10000.0,level_99,111,999999999.0,Tue Jul 05 08:43:39 UTC 2011
442,Tue Jul 05 08:43:39 UTC 2011,5000.0,level_88,111,10000.0,Tue Jul 05 08:43:39 UTC 2011
443,Tue Jul 05 08:43:39 UTC 2011,1000.0,level_66,111,5000.0,Tue Jul 05 08:43:39 UTC 2011
444,Tue Jul 05 08:43:39 UTC 2011,0.0,level_11,111,1000.0,Tue Jul 05 08:43:39 UTC 2011
445,Tue Jul 05 08:43:39 UTC 2011,10000.0,level_99,112,999999999.0,Tue Jul 05 08:43:39 UTC 2011
446,Tue Jul 05 08:43:39 UTC 2011,5000.0,level_88,112,10000.0,Tue Jul 05 08:43:39 UTC 2011
447,Tue Jul 05 08:43:39 UTC 2011,1000.0,level_66,112,5000.0,Tue Jul 05 08:43:39 UTC 2011
448,Tue Jul 05 08:43:39 UTC 2011,0.0,level_11,112,1000.0,Tue Jul 05 08:43:39 UTC 2011
449,Tue Jul 05 08:43:39 UTC 2011,10000.0,level_99,113,999999999.0,Tue Jul 05 08:43:39 UTC 2011
450,Tue Jul 05 08:43:39 UTC 2011,5000.0,level_88,113,10000.0,Tue Jul 05 08:43:39 UTC 2011
451,Tue Jul 05 08:43:39 UTC 2011,1000.0,level_66,113,5000.0,Tue Jul 05 08:43:39 UTC 2011
452,Tue Jul 05 08:43:39 UTC 2011,0.0,level_11,113,1000.0,Tue Jul 05 08:43:39 UTC 2011
453,Tue Jul 05 08:43:39 UTC 2011,10000.0,level_99,114,999999999.0,Tue Jul 05 08:43:39 UTC 2011
454,Tue Jul 05 08:43:39 UTC 2011,5000.0,level_88,114,10000.0,Tue Jul 05 08:43:39 UTC 2011
455,Tue Jul 05 08:43:39 UTC 2011,1000.0,level_66,114,5000.0,Tue Jul 05 08:43:39 UTC 2011
456,Tue Jul 05 08:43:39 UTC 2011,0.0,level_11,114,1000.0,Tue Jul 05 08:43:39 UTC 2011
457,Tue Jul 05 08:43:39 UTC 2011,10000.0,level_99,115,999999999.0,Tue Jul 05 08:43:39 UTC 2011
458,Tue Jul 05 08:43:39 UTC 2011,5000.0,level_88,115,10000.0,Tue Jul 05 08:43:39 UTC 2011
459,Tue Jul 05 08:43:39 UTC 2011,1000.0,level_66,115,5000.0,Tue Jul 05 08:43:39 UTC 2011
460,Tue Jul 05 08:43:39 UTC 2011,0.0,level_11,115,1000.0,Tue Jul 05 08:43:39 UTC 2011
461,Tue Jul 05 08:43:39 UTC 2011,10000.0,level_99,116,999999999.0,Tue Jul 05 08:43:39 UTC 2011
462,Tue Jul 05 08:43:39 UTC 2011,5000.0,level_88,116,10000.0,Tue Jul 05 08:43:39 UTC 2011
463,Tue Jul 05 08:43:39 UTC 2011,1000.0,level_66,116,5000.0,Tue Jul 05 08:43:39 UTC 2011
464,Tue Jul 05 08:43:39 UTC 2011,0.0,level_11,116,1000.0,Tue Jul 05 08:43:39 UTC 2011
465,Tue Jul 05 08:43:39 UTC 2011,10000.0,level_99,117,999999999.0,Tue Jul 05 08:43:39 UTC 2011
466,Tue Jul 05 08:43:39 UTC 2011,5000.0,level_88,117,10000.0,Tue Jul 05 08:43:39 UTC 2011
467,Tue Jul 05 08:43:39 UTC 2011,1000.0,level_66,117,5000.0,Tue Jul 05 08:43:39 UTC 2011
468,Tue Jul 05 08:43:39 UTC 2011,0.0,level_11,117,1000.0,Tue Jul 05 08:43:39 UTC 2011
469,Tue Jul 05 08:43:39 UTC 2011,10000.0,level_99,118,999999999.0,Tue Jul 05 08:43:39 UTC 2011
470,Tue Jul 05 08:43:39 UTC 2011,5000.0,level_88,118,10000.0,Tue Jul 05 08:43:39 UTC 2011
471,Tue Jul 05 08:43:39 UTC 2011,1000.0,level_66,118,5000.0,Tue Jul 05 08:43:39 UTC 2011
472,Tue Jul 05 08:43:39 UTC 2011,0.0,level_11,118,1000.0,Tue Jul 05 08:43:39 UTC 2011
473,Tue Jul 05 08:43:39 UTC 2011,10000.0,level_99,119,999999999.0,Tue Jul 05 08:43:39 UTC 2011
474,Tue Jul 05 08:43:39 UTC 2011,5000.0,level_88,119,10000.0,Tue Jul 05 08:43:39 UTC 2011
475,Tue Jul 05 08:43:39 UTC 2011,1000.0,level_66,119,5000.0,Tue Jul 05 08:43:39 UTC 2011
476,Tue Jul 05 08:43:39 UTC 2011,0.0,level_11,119,1000.0,Tue Jul 05 08:43:39 UTC 2011
477,Tue Jul 05 08:43:39 UTC 2011,10000.0,level_99,120,999999999.0,Tue Jul 05 08:43:39 UTC 2011
478,Tue Jul 05 08:43:39 UTC 2011,5000.0,level_88,120,10000.0,Tue Jul 05 08:43:39 UTC 2011
479,Tue Jul 05 08:43:39 UTC 2011,1000.0,level_66,120,5000.0,Tue Jul 05 08:43:39 UTC 2011
480,Tue Jul 05 08:43:39 UTC 2011,0.0,level_11,120,1000.0,Tue Jul 05 08:43:39 UTC 2011
481,Tue Jul 05 08:43:39 UTC 2011,10000.0,level_99,121,999999999.0,Tue Jul 05 08:43:39 UTC 2011
482,Tue Jul 05 08:43:39 UTC 2011,5000.0,level_88,121,10000.0,Tue Jul 05 08:43:39 UTC 2011
483,Tue Jul 05 08:43:39 UTC 2011,1000.0,level_66,121,5000.0,Tue Jul 05 08:43:39 UTC 2011
484,Tue Jul 05 08:43:39 UTC 2011,0.0,level_11,121,1000.0,Tue Jul 05 08:43:39 UTC 2011
485,Tue Jul 05 08:43:39 UTC 2011,10000.0,level_99,122,999999999.0,Tue Jul 05 08:43:39 UTC 2011
486,Tue Jul 05 08:43:39 UTC 2011,5000.0,level_88,122,10000.0,Tue Jul 05 08:43:39 UTC 2011
487,Tue Jul 05 08:43:39 UTC 2011,1000.0,level_66,122,5000.0,Tue Jul 05 08:43:39 UTC 2011
488,Tue Jul 05 08:43:39 UTC 2011,0.0,level_11,122,1000.0,Tue Jul 05 08:43:39 UTC 2011
489,Tue Jul 05 08:43:39 UTC 2011,10000.0,level_99,123,999999999.0,Tue Jul 05 08:43:39 UTC 2011
490,Tue Jul 05 08:43:39 UTC 2011,5000.0,level_88,123,10000.0,Tue Jul 05 08:43:39 UTC 2011
491,Tue Jul 05 08:43:39 UTC 2011,1000.0,level_66,123,5000.0,Tue Jul 05 08:43:39 UTC 2011
492,Tue Jul 05 08:43:39 UTC 2011,0.0,level_11,123,1000.0,Tue Jul 05 08:43:39 UTC 2011
493,Tue Jul 05 08:43:39 UTC 2011,10000.0,level_99,124,999999999.0,Tue Jul 05 08:43:39 UTC 2011
494,Tue Jul 05 08:43:39 UTC 2011,5000.0,level_88,124,10000.0,Tue Jul 05 08:43:39 UTC 2011
495,Tue Jul 05 08:43:39 UTC 2011,1000.0,level_66,124,5000.0,Tue Jul 05 08:43:39 UTC 2011
496,Tue Jul 05 08:43:39 UTC 2011,0.0,level_11,124,1000.0,Tue Jul 05 08:43:39 UTC 2011
497,Tue Jul 05 08:43:39 UTC 2011,10000.0,level_99,125,999999999.0,Tue Jul 05 08:43:39 UTC 2011
498,Tue Jul 05 08:43:39 UTC 2011,5000.0,level_88,125,10000.0,Tue Jul 05 08:43:39 UTC 2011
499,Tue Jul 05 08:43:39 UTC 2011,1000.0,level_66,125,5000.0,Tue Jul 05 08:43:39 UTC 2011
500,Tue Jul 05 08:43:39 UTC 2011,0.0,level_11,125,1000.0,Tue Jul 05 08:43:39 UTC 2011
501,Tue Jul 05 08:43:39 UTC 2011,10000.0,level_99,126,999999999.0,Tue Jul 05 08:43:39 UTC 2011
502,Tue Jul 05 08:43:39 UTC 2011,5000.0,level_88,126,10000.0,Tue Jul 05 08:43:39 UTC 2011
503,Tue Jul 05 08:43:39 UTC 2011,1000.0,level_66,126,5000.0,Tue Jul 05 08:43:39 UTC 2011
504,Tue Jul 05 08:43:39 UTC 2011,0.0,level_11,126,1000.0,Tue Jul 05 08:43:39 UTC 2011
505,Tue Jul 05 08:43:39 UTC 2011,10000.0,level_99,127,999999999.0,Tue Jul 05 08:43:39 UTC 2011
506,Tue Jul 05 08:43:39 UTC 2011,5000.0,level_88,127,10000.0,Tue Jul 05 08:43:39 UTC 2011
507,Tue Jul 05 08:43:39 UTC 2011,1000.0,level_66,127,5000.0,Tue Jul 05 08:43:39 UTC 2011
508,Tue Jul 05 08:43:39 UTC 2011,0.0,level_11,127,1000.0,Tue Jul 05 08:43:39 UTC 2011
509,Tue Jul 05 08:43:39 UTC 2011,10000.0,level_99,128,999999999.0,Tue Jul 05 08:43:39 UTC 2011
510,Tue Jul 05 08:43:39 UTC 2011,5000.0,level_88,128,10000.0,Tue Jul 05 08:43:39 UTC 2011
511,Tue Jul 05 08:43:39 UTC 2011,1000.0,level_66,128,5000.0,Tue Jul 05 08:43:39 UTC 2011
512,Tue Jul 05 08:43:39 UTC 2011,0.0,level_11,128,1000.0,Tue Jul 05 08:43:39 UTC 2011
513,Tue Jul 05 08:43:39 UTC 2011,10000.0,level_99,129,999999999.0,Tue Jul 05 08:43:39 UTC 2011
514,Tue Jul 05 08:43:39 UTC 2011,5000.0,level_88,129,10000.0,Tue Jul 05 08:43:39 UTC 2011
515,Tue Jul 05 08:43:39 UTC 2011,1000.0,level_66,129,5000.0,Tue Jul 05 08:43:39 UTC 2011
516,Tue Jul 05 08:43:39 UTC 2011,0.0,level_11,129,1000.0,Tue Jul 05 08:43:39 UTC 2011
517,Tue Jul 05 08:43:39 UTC 2011,10000.0,level_99,130,999999999.0,Tue Jul 05 08:43:39 UTC 2011
518,Tue Jul 05 08:43:39 UTC 2011,5000.0,level_88,130,10000.0,Tue Jul 05 08:43:39 UTC 2011
519,Tue Jul 05 08:43:39 UTC 2011,1000.0,level_66,130,5000.0,Tue Jul 05 08:43:39 UTC 2011
520,Tue Jul 05 08:43:39 UTC 2011,0.0,level_11,130,1000.0,Tue Jul 05 08:43:39 UTC 2011
521,Tue Jul 05 08:43:39 UTC 2011,10000.0,level_99,131,999999999.0,Tue Jul 05 08:43:39 UTC 2011
522,Tue Jul 05 08:43:39 UTC 2011,5000.0,level_88,131,10000.0,Tue Jul 05 08:43:39 UTC 2011
523,Tue Jul 05 08:43:39 UTC 2011,1000.0,level_66,131,5000.0,Tue Jul 05 08:43:39 UTC 2011
524,Tue Jul 05 08:43:39 UTC 2011,0.0,level_11,131,1000.0,Tue Jul 05 08:43:39 UTC 2011
525,Tue Jul 05 08:43:39 UTC 2011,10000.0,level_99,132,999999999.0,Tue Jul 05 08:43:39 UTC 2011
526,Tue Jul 05 08:43:39 UTC 2011,5000.0,level_88,132,10000.0,Tue Jul 05 08:43:39 UTC 2011
527,Tue Jul 05 08:43:39 UTC 2011,1000.0,level_66,132,5000.0,Tue Jul 05 08:43:39 UTC 2011
528,Tue Jul 05 08:43:39 UTC 2011,0.0,level_11,132,1000.0,Tue Jul 05 08:43:39 UTC 2011
529,Tue Jul 05 08:43:39 UTC 2011,10000.0,level_99,133,999999999.0,Tue Jul 05 08:43:39 UTC 2011
530,Tue Jul 05 08:43:39 UTC 2011,5000.0,level_88,133,10000.0,Tue Jul 05 08:43:39 UTC 2011
531,Tue Jul 05 08:43:39 UTC 2011,1000.0,level_66,133,5000.0,Tue Jul 05 08:43:39 UTC 2011
532,Tue Jul 05 08:43:39 UTC 2011,0.0,level_11,133,1000.0,Tue Jul 05 08:43:39 UTC 2011
533,Tue Jul 05 08:43:39 UTC 2011,10000.0,level_99,134,999999999.0,Tue Jul 05 08:43:39 UTC 2011
534,Tue Jul 05 08:43:39 UTC 2011,5000.0,level_88,134,10000.0,Tue Jul 05 08:43:39 UTC 2011
535,Tue Jul 05 08:43:39 UTC 2011,1000.0,level_66,134,5000.0,Tue Jul 05 08:43:39 UTC 2011
536,Tue Jul 05 08:43:39 UTC 2011,0.0,level_11,134,1000.0,Tue Jul 05 08:43:39 UTC 2011
537,Tue Jul 05 08:43:39 UTC 2011,10000.0,level_99,135,999999999.0,Tue Jul 05 08:43:39 UTC 2011
538,Tue Jul 05 08:43:39 UTC 2011,5000.0,level_88,135,10000.0,Tue Jul 05 08:43:39 UTC 2011
539,Tue Jul 05 08:43:39 UTC 2011,1000.0,level_66,135,5000.0,Tue Jul 05 08:43:39 UTC 2011
540,Tue Jul 05 08:43:39 UTC 2011,0.0,level_11,135,1000.0,Tue Jul 05 08:43:39 UTC 2011
541,Tue Jul 05 08:43:39 UTC 2011,10000.0,level_99,136,999999999.0,Tue Jul 05 08:43:39 UTC 2011
542,Tue Jul 05 08:43:39 UTC 2011,5000.0,level_88,136,10000.0,Tue Jul 05 08:43:39 UTC 2011
543,Tue Jul 05 08:43:39 UTC 2011,1000.0,level_66,136,5000.0,Tue Jul 05 08:43:39 UTC 2011
544,Tue Jul 05 08:43:39 UTC 2011,0.0,level_11,136,1000.0,Tue Jul 05 08:43:39 UTC 2011
545,Tue Jul 05 08:43:39 UTC 2011,10000.0,level_99,137,999999999.0,Tue Jul 05 08:43:39 UTC 2011
546,Tue Jul 05 08:43:39 UTC 2011,5000.0,level_88,137,10000.0,Tue Jul 05 08:43:39 UTC 2011
547,Tue Jul 05 08:43:39 UTC 2011,1000.0,level_66,137,5000.0,Tue Jul 05 08:43:39 UTC 2011
548,Tue Jul 05 08:43:39 UTC 2011,0.0,level_11,137,1000.0,Tue Jul 05 08:43:39 UTC 2011
549,Tue Jul 05 08:43:39 UTC 2011,10000.0,level_99,138,999999999.0,Tue Jul 05 08:43:39 UTC 2011
550,Tue Jul 05 08:43:39 UTC 2011,5000.0,level_88,138,10000.0,Tue Jul 05 08:43:39 UTC 2011
551,Tue Jul 05 08:43:39 UTC 2011,1000.0,level_66,138,5000.0,Tue Jul 05 08:43:39 UTC 2011
552,Tue Jul 05 08:43:39 UTC 2011,0.0,level_11,138,1000.0,Tue Jul 05 08:43:39 UTC 2011
553,Tue Jul 05 08:43:39 UTC 2011,10000.0,level_99,139,999999999.0,Tue Jul 05 08:43:39 UTC 2011
554,Tue Jul 05 08:43:39 UTC 2011,5000.0,level_88,139,10000.0,Tue Jul 05 08:43:39 UTC 2011
555,Tue Jul 05 08:43:39 UTC 2011,1000.0,level_66,139,5000.0,Tue Jul 05 08:43:39 UTC 2011
556,Tue Jul 05 08:43:39 UTC 2011,0.0,level_11,139,1000.0,Tue Jul 05 08:43:39 UTC 2011
557,Tue Jul 05 08:43:39 UTC 2011,10000.0,level_99,140,999999999.0,Tue Jul 05 08:43:39 UTC 2011
558,Tue Jul 05 08:43:39 UTC 2011,5000.0,level_88,140,10000.0,Tue Jul 05 08:43:39 UTC 2011
559,Tue Jul 05 08:43:39 UTC 2011,1000.0,level_66,140,5000.0,Tue Jul 05 08:43:39 UTC 2011
560,Tue Jul 05 08:43:39 UTC 2011,0.0,level_11,140,1000.0,Tue Jul 05 08:43:39 UTC 2011
561,Tue Jul 05 08:43:39 UTC 2011,10000.0,level_99,141,999999999.0,Tue Jul 05 08:43:39 UTC 2011
562,Tue Jul 05 08:43:39 UTC 2011,5000.0,level_88,141,10000.0,Tue Jul 05 08:43:39 UTC 2011
563,Tue Jul 05 08:43:39 UTC 2011,1000.0,level_66,141,5000.0,Tue Jul 05 08:43:39 UTC 2011
564,Tue Jul 05 08:43:39 UTC 2011,0.0,level_11,141,1000.0,Tue Jul 05 08:43:39 UTC 2011
565,Mon Jul 25 08:01:39 UTC 2011,10000.0,level_99,142,999999999.0,Mon Jul 25 08:01:39 UTC 2011
566,Mon Jul 25 08:01:39 UTC 2011,5000.0,level_88,142,10000.0,Mon Jul 25 08:01:39 UTC 2011
567,Mon Jul 25 08:01:39 UTC 2011,1000.0,level_66,142,5000.0,Mon Jul 25 08:01:39 UTC 2011
568,Mon Jul 25 08:01:39 UTC 2011,0.0,level_11,142,1000.0,Mon Jul 25 08:01:39 UTC 2011
569,Wed Jul 27 01:55:33 UTC 2011,10000.0,level_99,143,999999999.0,Wed Jul 27 01:55:33 UTC 2011
570,Wed Jul 27 01:55:33 UTC 2011,5000.0,level_88,143,10000.0,Wed Jul 27 01:55:33 UTC 2011
571,Wed Jul 27 01:55:33 UTC 2011,1000.0,level_66,143,5000.0,Wed Jul 27 01:55:33 UTC 2011
572,Wed Jul 27 01:55:33 UTC 2011,0.0,level_11,143,1000.0,Wed Jul 27 01:55:33 UTC 2011
573,Wed Jul 27 01:59:10 UTC 2011,10000.0,level_99,144,999999999.0,Wed Jul 27 01:59:10 UTC 2011
574,Wed Jul 27 01:59:10 UTC 2011,5000.0,level_88,144,10000.0,Wed Jul 27 01:59:10 UTC 2011
575,Wed Jul 27 01:59:10 UTC 2011,1000.0,level_66,144,5000.0,Wed Jul 27 01:59:10 UTC 2011
576,Wed Jul 27 01:59:10 UTC 2011,0.0,level_11,144,1000.0,Wed Jul 27 01:59:10 UTC 2011
577,Thu Aug 04 08:36:19 UTC 2011,10000.0,level_99,145,999999999.0,Thu Aug 04 08:36:19 UTC 2011
578,Thu Aug 04 08:36:19 UTC 2011,5000.0,level_88,145,10000.0,Thu Aug 04 08:36:19 UTC 2011
579,Thu Aug 04 08:36:19 UTC 2011,1000.0,level_66,145,5000.0,Thu Aug 04 08:36:19 UTC 2011
580,Thu Aug 04 08:36:19 UTC 2011,0.0,level_11,145,1000.0,Thu Aug 04 08:36:19 UTC 2011
